round,global_acc,local_acc0,local_acc1,local_acc2
0.0,0.0981999933719635,0.0,0.0,0.0
1.0,0.11349999159574509,0.9449002742767334,0.9443998336791992,0.9442000389099121
2.0,0.9500001072883606,0.9462998509407043,0.9481999278068542,0.953599750995636
