round,global_acc,local_acc0,local_acc1,local_acc2
0.0,0.05259999260306358,0.0,0.0,0.0
1.0,0.6355000734329224,0.8934001922607422,0.9274000525474548,0.9304001927375793
2.0,0.9083997011184692,0.9278998374938965,0.9373000860214233,0.9120001792907715
